{
    "Cecidomyiidae": {
        "precision": 0.9137931034482759,
        "recall": 0.9464285714285714,
        "f1-score": 0.9298245614035088,
        "support": 56.0
    },
    "Chloropidae": {
        "precision": 0.7857142857142857,
        "recall": 0.9166666666666666,
        "f1-score": 0.8461538461538461,
        "support": 24.0
    },
    "Cicadellidae": {
        "precision": 0.9052631578947369,
        "recall": 0.8958333333333334,
        "f1-score": 0.900523560209424,
        "support": 96.0
    },
    "Crambidae": {
        "precision": 0.9315068493150684,
        "recall": 0.9714285714285714,
        "f1-score": 0.951048951048951,
        "support": 70.0
    },
    "Curculionidae": {
        "precision": 0.9523809523809523,
        "recall": 0.96,
        "f1-score": 0.9561752988047809,
        "support": 125.0
    },
    "Delphacidae": {
        "precision": 0.926605504587156,
        "recall": 0.9181818181818182,
        "f1-score": 0.9223744292237442,
        "support": 110.0
    },
    "Ephydridae": {
        "precision": 0.8571428571428571,
        "recall": 0.6923076923076923,
        "f1-score": 0.7659574468085106,
        "support": 26.0
    },
    "Hesperiidae": {
        "precision": 0.967741935483871,
        "recall": 1.0,
        "f1-score": 0.9836065573770492,
        "support": 60.0
    },
    "Noctuidae": {
        "precision": 1.0,
        "recall": 0.875,
        "f1-score": 0.9333333333333333,
        "support": 32.0
    },
    "Phlaeothripidae": {
        "precision": 0.8636363636363636,
        "recall": 0.8636363636363636,
        "f1-score": 0.8636363636363636,
        "support": 44.0
    },
    "Thripidae": {
        "precision": 0.94,
        "recall": 0.9215686274509803,
        "f1-score": 0.9306930693069307,
        "support": 51.0
    },
    "accuracy": 0.9236311239193083,
    "macro avg": {
        "precision": 0.9130713645094151,
        "recall": 0.9055501494939997,
        "f1-score": 0.9075752197551311,
        "support": 694.0
    },
    "weighted avg": {
        "precision": 0.9242143432667845,
        "recall": 0.9236311239193083,
        "f1-score": 0.9231238558011439,
        "support": 694.0
    }
}